number,value,datetime_start,datetime_complete,duration,params_conf,params_match_thresh,params_min-box-area,params_nms,params_track_buffer,params_track_thresh,state
0,0.5143981398676445,2025-01-27 12:50:11.060197,2025-01-27 12:52:31.109617,0 days 00:02:20.049420,0.1801429023521206,0.6753956800105062,100,0.17062599727552935,300,0.7700083765905057,COMPLETE
1,0.5143981398676445,2025-01-27 12:52:31.110215,2025-01-27 12:54:55.193093,0 days 00:02:24.082878,0.16681129311868848,0.22687440236742004,100,0.23870829414207873,600,0.3160283062805793,COMPLETE
2,0.5143981398676445,2025-01-27 12:54:55.193740,2025-01-27 12:57:17.478948,0 days 00:02:22.285208,0.6689280273110111,0.20060055310634928,100,0.2327002191310321,120,0.14924250101877468,COMPLETE
3,0.5143981398676445,2025-01-27 12:57:17.479613,2025-01-27 12:59:37.910943,0 days 00:02:20.431330,0.6873450058319884,0.8072009313964194,10,0.810304766354582,30,0.6781000977093123,COMPLETE
4,0.5143981398676445,2025-01-27 12:59:37.911599,2025-01-27 13:01:57.695853,0 days 00:02:19.784254,0.8713004661922901,0.28301474702401597,10,0.2532813583223975,120,0.4953810841215148,COMPLETE
5,0.5143981398676445,2025-01-27 13:01:57.696543,2025-01-27 13:04:18.535786,0 days 00:02:20.839243,0.5599222772685956,0.40740288756495635,10,0.17387670943302264,600,0.35702151500337675,COMPLETE
6,0.5143981398676445,2025-01-27 13:04:18.536469,2025-01-27 13:06:38.712981,0 days 00:02:20.176512,0.5757330022947346,0.6624759207627753,10,0.6557828918153321,120,0.6266312743032214,COMPLETE
7,0.5143981398676445,2025-01-27 13:06:38.713651,2025-01-27 13:08:57.942109,0 days 00:02:19.228458,0.8732651381216152,0.4471745169530511,150,0.8489421374850623,600,0.4070614029651548,COMPLETE
8,0.5143981398676445,2025-01-27 13:08:57.942767,2025-01-27 13:11:18.505818,0 days 00:02:20.563051,0.5784788405260047,0.5735613586934022,10,0.3033431504279609,600,0.12024472732316119,COMPLETE
9,0.5143981398676445,2025-01-27 13:11:18.506494,2025-01-27 13:13:39.135984,0 days 00:02:20.629490,0.27723938347919885,0.7094177049494571,150,0.6215148434054412,120,0.2653400733122757,COMPLETE
10,0.5143981398676445,2025-01-27 13:13:39.136671,2025-01-27 13:15:57.953463,0 days 00:02:18.816792,0.35670965621883666,0.8986542715761727,100,0.43404338790835045,300,0.8446072569569806,COMPLETE
11,0.5143981398676445,2025-01-27 13:15:57.954165,2025-01-27 13:18:15.739574,0 days 00:02:17.785409,0.10390320813343606,0.10209345421966176,100,0.11943243189425701,60,0.8804492016396477,COMPLETE
12,0.5143981398676445,2025-01-27 13:18:15.740197,2025-01-27 13:20:36.241049,0 days 00:02:20.500852,0.13011676299056374,0.5643956931699667,100,0.38144919371133446,300,0.67445890078132,COMPLETE
13,0.5143981398676445,2025-01-27 13:20:36.241732,2025-01-27 13:22:57.905407,0 days 00:02:21.663675,0.2762110573158855,0.27282587388873114,100,0.10613203460226758,300,0.5470603587455043,COMPLETE
14,0.5143981398676445,2025-01-27 13:22:57.906094,2025-01-27 13:25:18.278779,0 days 00:02:20.372685,0.3922124379424974,0.3686618695025611,100,0.3423836588299043,30,0.7626922757236253,COMPLETE
15,0.5143981398676445,2025-01-27 13:25:18.279468,2025-01-27 13:27:39.284069,0 days 00:02:21.004601,0.2213856134752597,0.649475618963778,100,0.5410626757992971,60,0.2936671498517788,COMPLETE
16,0.5143981398676445,2025-01-27 13:27:39.284761,2025-01-27 13:29:59.958107,0 days 00:02:20.673346,0.4128927264938537,0.7607356530171847,150,0.47001199970153246,300,0.48418016948183207,COMPLETE
17,0.5143981398676445,2025-01-27 13:29:59.958806,2025-01-27 13:32:21.335540,0 days 00:02:21.376734,0.2001735471156017,0.5224755160485332,100,0.2347621696432125,600,0.23386222017656594,COMPLETE
18,0.5143981398676445,2025-01-27 13:32:21.336212,2025-01-27 13:34:44.851332,0 days 00:02:23.515120,0.1813914757207242,0.13493764439189143,100,0.19112844099534188,300,0.4036965897245254,COMPLETE
19,0.5143981398676445,2025-01-27 13:34:44.852046,2025-01-27 13:37:06.621050,0 days 00:02:21.769004,0.31790379807968155,0.3293897639062886,100,0.3047815918586245,600,0.5792253514081215,COMPLETE
20,0.5143981398676445,2025-01-27 13:37:06.621766,2025-01-27 13:39:27.349342,0 days 00:02:20.727576,0.4393829851252751,0.4710257308151251,150,0.38934306378383643,60,0.43719681401345134,COMPLETE
21,0.5143981398676445,2025-01-27 13:39:27.350031,2025-01-27 13:41:49.044576,0 days 00:02:21.694545,0.7378291192873558,0.1935921795486435,100,0.2044911857712992,120,0.15726267572434285,COMPLETE
22,0.5143981398676445,2025-01-27 13:41:49.045280,2025-01-27 13:44:10.383002,0 days 00:02:21.337722,0.6918724841204957,0.20969860393746814,100,0.10414939381735637,120,0.1875705699986201,COMPLETE
23,0.5143981398676445,2025-01-27 13:44:10.383732,2025-01-27 13:46:32.964774,0 days 00:02:22.581042,0.492049029940219,0.21754554824750308,100,0.29214980315112166,30,0.3243543846787935,COMPLETE
24,0.5143981398676445,2025-01-27 13:46:32.965482,2025-01-27 13:48:54.506231,0 days 00:02:21.540749,0.7907279670144145,0.3017754735369454,100,0.5259907623374018,600,0.21385324445471326,COMPLETE
25,0.5143981398676445,2025-01-27 13:48:54.506944,2025-01-27 13:51:16.650035,0 days 00:02:22.143091,0.6448887609161092,0.17201352923533225,100,0.16673636181654095,120,0.10238127937722455,COMPLETE
26,0.5143981398676445,2025-01-27 13:51:16.650767,2025-01-27 13:53:38.633391,0 days 00:02:21.982624,0.4957493133692042,0.38275310383878064,100,0.2507129049617815,300,0.3452248601055331,COMPLETE
27,0.5143981398676445,2025-01-27 13:53:38.634091,2025-01-27 13:55:59.108794,0 days 00:02:20.474703,0.15295574982689142,0.6204416785251512,100,0.3621018410990068,120,0.734151895867793,COMPLETE
28,0.5143981398676445,2025-01-27 13:55:59.109493,2025-01-27 13:58:19.891769,0 days 00:02:20.782276,0.2604837652568786,0.2584797376957936,150,0.1587069806179534,600,0.7928099268529851,COMPLETE
29,0.5143981398676445,2025-01-27 13:58:19.892478,2025-01-27 14:00:40.394511,0 days 00:02:20.502033,0.6650787328356527,0.8567401713290707,100,0.7051200838027817,30,0.16132636264308403,COMPLETE
30,0.5143981398676445,2025-01-27 14:00:40.395209,2025-01-27 14:03:01.598590,0 days 00:02:21.203381,0.23415691512918785,0.7755842169175585,10,0.4271979256448944,300,0.26593827617466725,COMPLETE
31,0.5143981398676445,2025-01-27 14:03:01.599274,2025-01-27 14:05:21.899918,0 days 00:02:20.300644,0.7865358756183003,0.8085972473372698,10,0.7814628184521357,30,0.6682785903226333,COMPLETE
32,0.5143981398676445,2025-01-27 14:05:21.900628,2025-01-27 14:07:41.835733,0 days 00:02:19.935105,0.8000867660812114,0.7170328696632059,10,0.8319412729044465,30,0.7274468075708788,COMPLETE
33,0.5143981398676445,2025-01-27 14:07:41.836400,2025-01-27 14:10:01.123414,0 days 00:02:19.287014,0.6253659138135172,0.8261075182024554,10,0.8908540210591903,30,0.8211249679801171,COMPLETE
34,0.5143981398676445,2025-01-27 14:10:01.124119,2025-01-27 14:12:21.298725,0 days 00:02:20.174606,0.7065558613583894,0.7239656777653715,10,0.6099228271241431,120,0.6140668480132992,COMPLETE
35,0.5143981398676445,2025-01-27 14:12:21.299403,2025-01-27 14:14:42.675099,0 days 00:02:21.375696,0.5485800115459548,0.4301565805103361,10,0.7055922114318977,600,0.5038554536688474,COMPLETE
36,0.5143981398676445,2025-01-27 14:14:42.675779,2025-01-27 14:17:02.092509,0 days 00:02:19.416730,0.8450148302159457,0.6149131178377132,10,0.22670203906160868,30,0.6821103174056979,COMPLETE
37,0.5143981398676445,2025-01-27 14:17:02.093214,2025-01-27 14:19:22.872805,0 days 00:02:20.779591,0.6027799282081278,0.5365257479431782,10,0.2973914887375604,120,0.3939030499110672,COMPLETE
38,0.5143981398676445,2025-01-27 14:19:22.873503,2025-01-27 14:21:43.266489,0 days 00:02:20.392986,0.5272005585584576,0.6696600863151849,150,0.14894368428073407,600,0.46636929021714113,COMPLETE
39,0.5143981398676445,2025-01-27 14:21:43.267118,2025-01-27 14:24:06.354062,0 days 00:02:23.086944,0.32540633252016116,0.10014183682901467,100,0.5662806443621207,60,0.5266755725014817,COMPLETE
40,0.5143981398676445,2025-01-27 14:24:06.354788,2025-01-27 14:26:24.283048,0 days 00:02:17.928260,0.7174786309382183,0.8920495605357324,100,0.2727536838242674,300,0.8982176759815308,COMPLETE
41,0.5143981398676445,2025-01-27 14:26:24.283761,2025-01-27 14:28:44.043215,0 days 00:02:19.759454,0.8967095348007601,0.2533622426621266,10,0.33160099681298627,120,0.37102843650991457,COMPLETE
42,0.5143981398676445,2025-01-27 14:28:44.043948,2025-01-27 14:31:04.053931,0 days 00:02:20.009983,0.8523836393989842,0.3364381855100448,10,0.20733954990404369,120,0.591922361436968,COMPLETE
43,0.5143981398676445,2025-01-27 14:31:04.054632,2025-01-27 14:33:25.699166,0 days 00:02:21.644534,0.1345770557799965,0.29910880982163623,10,0.26298467321536334,120,0.6442967973385477,COMPLETE
44,0.5143981398676445,2025-01-27 14:33:25.699902,2025-01-27 14:35:43.745246,0 days 00:02:18.045344,0.45512142410052536,0.14596897046434196,10,0.14224253400147763,120,0.8575766975200884,COMPLETE
45,0.5143981398676445,2025-01-27 14:35:43.745959,2025-01-27 14:38:06.730400,0 days 00:02:22.984441,0.7547791607591008,0.17450410960616308,100,0.4178337288574596,300,0.4406216200051554,COMPLETE
46,0.5143981398676445,2025-01-27 14:38:06.731130,2025-01-27 14:40:28.658260,0 days 00:02:21.927130,0.5927351123640021,0.23590731959017064,150,0.18711074614320644,600,0.7306661508358822,COMPLETE
47,0.5143981398676445,2025-01-27 14:40:28.658979,2025-01-27 14:42:48.687749,0 days 00:02:20.028770,0.8150152032821311,0.4609636019035297,100,0.47169666248083697,60,0.7644866644313956,COMPLETE
48,0.5143981398676445,2025-01-27 14:42:48.688474,2025-01-27 14:45:10.133611,0 days 00:02:21.445137,0.18692054543675185,0.4057030487920542,10,0.23192104765925703,30,0.2950837951825238,COMPLETE
49,0.5143981398676445,2025-01-27 14:45:10.134360,2025-01-27 14:47:31.013687,0 days 00:02:20.879327,0.3709791290627622,0.7569172855192738,100,0.33817747978575563,300,0.13946440812364497,COMPLETE
50,0.5143981398676445,2025-01-27 14:47:31.014387,2025-01-27 14:49:51.773259,0 days 00:02:20.758872,0.11810032546596108,0.6828627980983764,100,0.6751342227467927,120,0.5513366924734198,COMPLETE
51,0.5143981398676445,2025-01-27 14:49:51.773981,2025-01-27 14:52:13.768306,0 days 00:02:21.994325,0.5527904954150328,0.29422611918929314,10,0.14333387684131593,600,0.34090648657468825,COMPLETE
52,0.5143981398676445,2025-01-27 14:52:13.769019,2025-01-27 14:54:34.375038,0 days 00:02:20.606019,0.6758088442879714,0.4946137846059183,10,0.17948608795122353,600,0.21846728861077552,COMPLETE
53,0.5143981398676445,2025-01-27 14:54:34.375753,2025-01-27 14:56:55.152233,0 days 00:02:20.776480,0.7479856936425181,0.3384439618433306,10,0.11793788541397629,600,0.25620729164386913,COMPLETE
54,0.5143981398676445,2025-01-27 14:56:55.152940,2025-01-27 14:59:15.832985,0 days 00:02:20.680045,0.6219540041647225,0.5737184516395243,10,0.22265908366320109,600,0.42252015380850255,COMPLETE
55,0.5143981398676445,2025-01-27 14:59:15.833693,2025-01-27 15:01:39.298155,0 days 00:02:23.464462,0.5689545154305664,0.2175549757577231,100,0.28306330768497656,600,0.30731031472935333,COMPLETE
56,0.5143981398676445,2025-01-27 15:01:39.298898,2025-01-27 15:04:01.314763,0 days 00:02:22.015865,0.4506757640611314,0.37363584588605503,150,0.24783669670913783,300,0.36813196022393835,COMPLETE
57,0.5143981398676445,2025-01-27 15:04:01.315478,2025-01-27 15:06:23.554960,0 days 00:02:22.239482,0.15808313005929778,0.1562139023353016,100,0.10273831806209106,60,0.4604293171530311,COMPLETE
58,0.5143981398676445,2025-01-27 15:06:23.555676,2025-01-27 15:08:46.403370,0 days 00:02:22.847694,0.2500961630500139,0.275076250704517,100,0.31862335739695563,120,0.19297468196317008,COMPLETE
59,0.5143981398676445,2025-01-27 15:08:46.404101,2025-01-27 15:11:07.706202,0 days 00:02:21.302101,0.5123184942926592,0.4174095470562596,10,0.38323208451628,30,0.2574898054250346,COMPLETE
60,0.5143981398676445,2025-01-27 15:11:07.706930,2025-01-27 15:13:31.137124,0 days 00:02:23.430194,0.6669937092443208,0.1254605851424665,100,0.7625681049996144,600,0.4964773289653347,COMPLETE
61,0.5143981398676445,2025-01-27 15:13:31.137864,2025-01-27 15:15:51.583522,0 days 00:02:20.445658,0.6329330980252872,0.6019116343475414,10,0.6211427664755202,120,0.7087561836974987,COMPLETE
62,0.5143981398676445,2025-01-27 15:15:51.584247,2025-01-27 15:18:12.481586,0 days 00:02:20.897339,0.41279692951086794,0.5004604348332535,10,0.7954359690550797,120,0.6250783069607937,COMPLETE
63,0.5143981398676445,2025-01-27 15:18:12.482316,2025-01-27 15:20:33.687492,0 days 00:02:21.205176,0.21525477637789778,0.18894931650339342,10,0.674599111873377,120,0.7837507396891076,COMPLETE
64,0.5143981398676445,2025-01-27 15:20:33.688215,2025-01-27 15:22:54.237012,0 days 00:02:20.548797,0.5819640473581088,0.7995891791855108,10,0.8647209176657294,120,0.5829258750031965,COMPLETE
65,0.5143981398676445,2025-01-27 15:22:54.237740,2025-01-27 15:25:14.726424,0 days 00:02:20.488684,0.48288429541857947,0.6877629167168705,10,0.5734616474559316,300,0.6931533558286308,COMPLETE
66,0.5143981398676445,2025-01-27 15:25:14.727150,2025-01-27 15:27:34.888859,0 days 00:02:20.161709,0.29668757368125204,0.6531152819787167,100,0.21076628720219343,30,0.6459450128431492,COMPLETE
67,0.5143981398676445,2025-01-27 15:27:34.889575,2025-01-27 15:29:54.012826,0 days 00:02:19.123251,0.5292853236217788,0.8536022015330343,150,0.1270166141452967,120,0.8125190586326041,COMPLETE
68,0.5143981398676445,2025-01-27 15:29:54.013567,2025-01-27 15:32:14.938215,0 days 00:02:20.924648,0.10123462295561085,0.5423114022636385,10,0.7406530841885448,600,0.5611716666643176,COMPLETE
69,0.5143981398676445,2025-01-27 15:32:14.938944,2025-01-27 15:34:35.092756,0 days 00:02:20.153812,0.6491456859414441,0.7348710826734846,100,0.1686077630211711,300,0.3929970739518205,COMPLETE
70,0.5143981398676445,2025-01-27 15:34:35.093484,2025-01-27 15:36:55.833925,0 days 00:02:20.740441,0.6849456717043261,0.22967356259988783,10,0.1850135453334796,120,0.7586838554306508,COMPLETE
71,0.5143981398676445,2025-01-27 15:36:55.834612,2025-01-27 15:39:15.377266,0 days 00:02:19.542654,0.8711843544746225,0.4623892067371613,150,0.8325714928353621,600,0.5279753837699406,COMPLETE
72,0.5143981398676445,2025-01-27 15:39:15.378002,2025-01-27 15:41:34.539993,0 days 00:02:19.161991,0.8945788998300865,0.395938410364792,150,0.8984879763836151,600,0.4234847804000579,COMPLETE
73,0.5143981398676445,2025-01-27 15:41:34.540714,2025-01-27 15:43:56.607322,0 days 00:02:22.066608,0.6048847549744321,0.3547307062079622,150,0.8230310686115241,600,0.5152383399091992,COMPLETE
74,0.5143981398676445,2025-01-27 15:43:56.608050,2025-01-27 15:46:17.024627,0 days 00:02:20.416577,0.7756525566916327,0.4277340225653566,150,0.49781642229648526,30,0.4500224587941595,COMPLETE
75,0.5143981398676445,2025-01-27 15:46:17.025384,2025-01-27 15:48:37.603927,0 days 00:02:20.578543,0.8241953847869105,0.31293794242787487,100,0.8727473152364303,60,0.3695732267754458,COMPLETE
76,0.5143981398676445,2025-01-27 15:48:37.604695,2025-01-27 15:50:57.859191,0 days 00:02:20.254496,0.7244017147868206,0.5706776239262064,150,0.6602089411327267,600,0.3364743763307578,COMPLETE
77,0.5143981398676445,2025-01-27 15:50:57.859940,2025-01-27 15:53:18.328472,0 days 00:02:20.468532,0.47252863613810725,0.4911857247362452,100,0.2534374740312967,120,0.4822455170056908,COMPLETE
78,0.5143981398676445,2025-01-27 15:53:18.329211,2025-01-27 15:55:40.081368,0 days 00:02:21.752157,0.7639279873459354,0.26679026107030707,10,0.804138365998274,300,0.11408634936717715,COMPLETE
79,0.5143981398676445,2025-01-27 15:55:40.082104,2025-01-27 15:58:00.067810,0 days 00:02:19.985706,0.8505719470615095,0.44499313371360183,10,0.7197544276160157,600,0.6034674105346737,COMPLETE
80,0.5143981398676445,2025-01-27 15:58:00.068568,2025-01-27 16:00:19.658963,0 days 00:02:19.590395,0.8247544949239838,0.6339649468515529,100,0.19987348560015203,30,0.2797015521285565,COMPLETE
81,0.5143981398676445,2025-01-27 16:00:19.659709,2025-01-27 16:02:40.384062,0 days 00:02:20.724353,0.5346398564589537,0.6080445491169331,10,0.29746234289603096,600,0.15957435379793822,COMPLETE
82,0.5143981398676445,2025-01-27 16:02:40.384822,2025-01-27 16:05:00.612539,0 days 00:02:20.227717,0.7001460764707521,0.5429724654917525,10,0.23375427995631282,600,0.13530724146162093,COMPLETE
83,0.5143981398676445,2025-01-27 16:05:00.613245,2025-01-27 16:07:21.428969,0 days 00:02:20.815724,0.5732429332428892,0.5917516620302739,10,0.2702103684916151,600,0.19075009233363527,COMPLETE
84,0.5143981398676445,2025-01-27 16:07:21.429715,2025-01-27 16:09:42.077046,0 days 00:02:20.647331,0.646546235116932,0.5184912369490084,10,0.3605511967373638,120,0.31764028755065377,COMPLETE
85,0.5143981398676445,2025-01-27 16:09:42.077742,2025-01-27 16:12:04.877699,0 days 00:02:22.799957,0.6134931081007506,0.19602696623618626,10,0.16199181006453256,600,0.2352186890549125,COMPLETE
86,0.5143981398676445,2025-01-27 16:12:04.878450,2025-01-27 16:14:25.436953,0 days 00:02:20.558503,0.556475118759105,0.6953950883677494,100,0.8520127494075668,600,0.6565892786852299,COMPLETE
87,0.5143981398676445,2025-01-27 16:14:25.437680,2025-01-27 16:16:46.116725,0 days 00:02:20.679045,0.5885355517525358,0.658941200869078,10,0.3128272156631168,120,0.4056625777652624,COMPLETE
88,0.5143981398676445,2025-01-27 16:16:46.117485,2025-01-27 16:19:04.595560,0 days 00:02:18.478075,0.15877303718373062,0.24688045890747587,100,0.7618237678742574,300,0.8469495770014642,COMPLETE
89,0.5143981398676445,2025-01-27 16:19:04.596297,2025-01-27 16:21:25.066284,0 days 00:02:20.469987,0.5150449076607335,0.6335266702567838,150,0.21759605353711203,30,0.11118231813452503,COMPLETE
90,0.5143981398676445,2025-01-27 16:21:25.067043,2025-01-27 16:23:44.872383,0 days 00:02:19.805340,0.8715199943317465,0.3572275274870085,10,0.24439737252096633,60,0.17425386701848475,COMPLETE
91,0.5143981398676445,2025-01-27 16:23:44.873087,2025-01-27 16:26:06.102012,0 days 00:02:21.228925,0.19846074092239996,0.734609558940827,150,0.5379520014186777,120,0.23089740151690585,COMPLETE
92,0.5143981398676445,2025-01-27 16:26:06.102710,2025-01-27 16:28:27.134010,0 days 00:02:21.031300,0.178819680708025,0.7697352952214066,150,0.5873158533457246,120,0.36147419959687316,COMPLETE
93,0.5143981398676445,2025-01-27 16:28:27.134747,2025-01-27 16:30:48.042891,0 days 00:02:20.908144,0.1386037970017086,0.7091270915161796,150,0.5028949671699835,120,0.2833104401967437,COMPLETE
94,0.5143981398676445,2025-01-27 16:30:48.043597,2025-01-27 16:33:08.915017,0 days 00:02:20.871420,0.23550783503223877,0.8343116450813044,150,0.6205002643751469,120,0.13850165549392307,COMPLETE
95,0.5143981398676445,2025-01-27 16:33:08.915728,2025-01-27 16:35:29.201508,0 days 00:02:20.285780,0.34236363184534924,0.6676508610309103,100,0.4392496087963437,600,0.7096958570988396,COMPLETE
96,0.5143981398676445,2025-01-27 16:35:29.202217,2025-01-27 16:37:50.143488,0 days 00:02:20.941271,0.26430337889573124,0.5853358006386838,10,0.6491240305791633,120,0.2995718629203383,COMPLETE
97,0.5143981398676445,2025-01-27 16:37:50.144181,2025-01-27 16:40:10.588784,0 days 00:02:20.444603,0.28575738332345707,0.7853126166542453,100,0.12909400106014515,300,0.21384615018662928,COMPLETE
98,0.5143981398676445,2025-01-27 16:40:10.589484,2025-01-27 16:42:31.167873,0 days 00:02:20.578389,0.4206901191317667,0.8779818937965782,10,0.2849561329497643,600,0.346598398826981,COMPLETE
99,0.5143981398676445,2025-01-27 16:42:31.168609,2025-01-27 16:44:52.771039,0 days 00:02:21.602430,0.5446357953860974,0.28226910567880015,150,0.19864460047558924,120,0.390452269633892,COMPLETE
100,0.5143981398676445,2025-01-27 16:44:52.771770,2025-01-27 16:47:12.657609,0 days 00:02:19.885839,0.8018103214927959,0.6308146427105504,10,0.17151868545548138,30,0.26796421011393534,COMPLETE
101,0.5143981398676445,2025-01-27 16:47:12.658363,2025-01-27 16:49:30.680490,0 days 00:02:18.022127,0.3840698705092715,0.7576026109078524,100,0.3469425430205346,300,0.8758810378526155,COMPLETE
102,0.5143981398676445,2025-01-27 16:49:30.681220,2025-01-27 16:51:50.791890,0 days 00:02:20.110670,0.32525509643759043,0.8979649944254874,100,0.4044223555988922,300,0.7672940038802537,COMPLETE
103,0.5143981398676445,2025-01-27 16:51:50.792600,2025-01-27 16:54:10.001618,0 days 00:02:19.209018,0.1747719536614477,0.8249430024473502,100,0.2653766623201515,300,0.8248809749517287,COMPLETE
104,0.5143981398676445,2025-01-27 16:54:10.002359,2025-01-27 16:56:29.832665,0 days 00:02:19.830306,0.21316953426274193,0.8757112994370001,100,0.22601448819795575,300,0.7413575775493438,COMPLETE
105,0.5143981398676445,2025-01-27 16:56:29.833403,2025-01-27 16:58:49.351564,0 days 00:02:19.518161,0.305460921529854,0.7045706289452603,100,0.4669314143538261,600,0.8025205031189747,COMPLETE
106,0.5143981398676445,2025-01-27 16:58:49.352291,2025-01-27 17:01:07.958254,0 days 00:02:18.605963,0.3459038638122035,0.11961205512677651,100,0.1477129399493144,120,0.8355579776320341,COMPLETE
107,0.5143981398676445,2025-01-27 17:01:07.958962,2025-01-27 17:03:29.629007,0 days 00:02:21.670045,0.7272491310172156,0.16048996299291507,10,0.19027177982789745,60,0.33125397370452836,COMPLETE
108,0.5143981398676445,2025-01-27 17:03:29.629758,2025-01-27 17:05:50.396915,0 days 00:02:20.767157,0.665840589817463,0.4815856190789001,150,0.5548900466290425,600,0.41170508685865936,COMPLETE
109,0.5143981398676445,2025-01-27 17:05:50.397654,2025-01-27 17:08:10.807657,0 days 00:02:20.410003,0.6327617847671052,0.7440766391080651,10,0.6965841546218045,120,0.6215738254993785,COMPLETE
110,0.5143981398676445,2025-01-27 17:08:10.808442,2025-01-27 17:10:28.659764,0 days 00:02:17.851322,0.5054667478919277,0.20283391879513504,100,0.5918982387002296,300,0.8688567478312164,COMPLETE
111,0.5143981398676445,2025-01-27 17:10:28.660495,2025-01-27 17:12:46.646258,0 days 00:02:17.985763,0.10897104589216663,0.10468744211673622,100,0.11808429331978469,60,0.8925078998191013,COMPLETE
112,0.5143981398676445,2025-01-27 17:12:46.646965,2025-01-27 17:15:07.597089,0 days 00:02:20.950124,0.1339971213315254,0.31535432025820287,100,0.13407768784160018,60,0.5646678736219143,COMPLETE
113,0.5143981398676445,2025-01-27 17:15:07.597872,2025-01-27 17:17:27.891941,0 days 00:02:20.294069,0.14827863324079607,0.22479584723375126,100,0.15640067959460568,60,0.7932084689494718,COMPLETE
114,0.5143981398676445,2025-01-27 17:17:27.892623,2025-01-27 17:19:45.805750,0 days 00:02:17.913127,0.23454724896395512,0.17775133554165173,100,0.8445997499505896,30,0.8633378605783263,COMPLETE
115,0.5143981398676445,2025-01-27 17:19:45.806471,2025-01-27 17:22:06.035008,0 days 00:02:20.228537,0.1976823990565147,0.8017670262937523,10,0.20847526376967726,600,0.4757440010991893,COMPLETE
116,0.5143981398676445,2025-01-27 17:22:06.035752,2025-01-27 17:24:24.103804,0 days 00:02:18.068052,0.11704003652344998,0.1429022497010509,100,0.8757341586192919,60,0.8473233918526827,COMPLETE
117,0.5143981398676445,2025-01-27 17:24:24.104602,2025-01-27 17:26:44.987459,0 days 00:02:20.882857,0.5702902191385053,0.455852290832477,10,0.3245617330633111,120,0.12397801626716135,COMPLETE
118,0.5143981398676445,2025-01-27 17:26:44.988183,2025-01-27 17:29:06.209147,0 days 00:02:21.220964,0.6056001146729948,0.39053306388526465,150,0.24393067694083878,600,0.31518706900021703,COMPLETE
119,0.5143981398676445,2025-01-27 17:29:06.209845,2025-01-27 17:31:26.612551,0 days 00:02:20.402706,0.8748244460133408,0.243600229320958,100,0.8136969128690044,300,0.3501430032237793,COMPLETE
120,0.5143981398676445,2025-01-27 17:31:26.613283,2025-01-27 17:33:46.418997,0 days 00:02:19.805714,0.837045223603269,0.5230761132963251,10,0.7865498839800157,120,0.38515429906391796,COMPLETE
121,0.5143981398676445,2025-01-27 17:33:46.419721,2025-01-27 17:36:06.953690,0 days 00:02:20.533969,0.12683627217068605,0.5606645496436367,100,0.39678887289633236,300,0.6733218245784278,COMPLETE
122,0.5143981398676445,2025-01-27 17:36:06.954394,2025-01-27 17:38:28.060699,0 days 00:02:21.106305,0.16830820179916445,0.4121259490037271,100,0.4540530256454123,300,0.6401677816660791,COMPLETE
123,0.5143981398676445,2025-01-27 17:38:28.061443,2025-01-27 17:40:48.676596,0 days 00:02:20.615153,0.1483449608961626,0.6722126763164905,100,0.3705896238963927,300,0.6987827972836098,COMPLETE
124,0.5143981398676445,2025-01-27 17:40:48.677357,2025-01-27 17:43:08.967368,0 days 00:02:20.290011,0.4658898752838176,0.5061691128306308,100,0.10355499549910488,30,0.5996065090427577,COMPLETE
125,0.5143981398676445,2025-01-27 17:43:08.968103,2025-01-27 17:45:29.590163,0 days 00:02:20.622060,0.1849540738477479,0.6450170490795458,10,0.29395343661398116,600,0.5384427287510877,COMPLETE
126,0.5143981398676445,2025-01-27 17:45:29.590901,2025-01-27 17:47:49.953291,0 days 00:02:20.362390,0.106291490919038,0.44202863180423274,100,0.4958339760792748,300,0.7462937695086984,COMPLETE
127,0.5143981398676445,2025-01-27 17:47:49.953986,2025-01-27 17:50:07.274362,0 days 00:02:17.320376,0.8985378209299555,0.7215584789592382,150,0.7644813527603924,120,0.8942909777986604,COMPLETE
128,0.5143981398676445,2025-01-27 17:50:07.275226,2025-01-27 17:52:27.453324,0 days 00:02:20.178098,0.4896176799187165,0.8491798235921748,10,0.5201848549143108,600,0.7173468958903165,COMPLETE
129,0.5143981398676445,2025-01-27 17:52:27.454082,2025-01-27 17:54:47.369968,0 days 00:02:19.915886,0.2499117643752736,0.5546781162580033,100,0.41676935579904223,120,0.778266234907381,COMPLETE
130,0.5143981398676445,2025-01-27 17:54:47.370697,2025-01-27 17:57:07.882762,0 days 00:02:20.512065,0.5941166526047869,0.4794653359450608,10,0.173519615526379,300,0.49581207709844205,COMPLETE
131,0.5143981398676445,2025-01-27 17:57:07.883436,2025-01-27 17:59:30.691146,0 days 00:02:22.807710,0.22052387937800216,0.2572086239940559,100,0.11175666277522882,300,0.10480331591192354,COMPLETE
132,0.5143981398676445,2025-01-27 17:59:30.691913,2025-01-27 18:01:52.104744,0 days 00:02:21.412831,0.5570841739226386,0.2704135674046167,100,0.136010801707334,300,0.657449439590206,COMPLETE
133,0.5143981398676445,2025-01-27 18:01:52.105508,2025-01-27 18:04:13.839690,0 days 00:02:21.734182,0.2832229991952903,0.2901597551680988,100,0.25907133513209113,300,0.6805350397620257,COMPLETE
134,0.5143981398676445,2025-01-27 18:04:13.840436,2025-01-27 18:06:37.669863,0 days 00:02:23.829427,0.4017233178258312,0.2104430075939528,100,0.27958240010921465,600,0.1456711933529392,COMPLETE
135,0.5143981398676445,2025-01-27 18:06:37.670615,2025-01-27 18:08:59.069314,0 days 00:02:21.398699,0.36875417089183243,0.3244260770786332,150,0.34411649884470963,30,0.5804316364401695,COMPLETE
136,0.5143981398676445,2025-01-27 18:08:59.070060,2025-01-27 18:11:20.000915,0 days 00:02:20.930855,0.2671192520655671,0.6842587388445807,100,0.6437296516704794,300,0.4481192789471062,COMPLETE
137,0.5143981398676445,2025-01-27 18:11:20.001662,2025-01-27 18:13:40.793901,0 days 00:02:20.792239,0.1216609809289743,0.6116676379884703,10,0.15395204484257946,60,0.1719424647657143,COMPLETE
138,0.5143981398676445,2025-01-27 18:13:40.794677,2025-01-27 18:16:02.352381,0 days 00:02:21.557704,0.43724674615719505,0.34271124382057094,100,0.18530258877114125,120,0.42258166707044975,COMPLETE
139,0.5143981398676445,2025-01-27 18:16:02.353153,2025-01-27 18:18:24.322920,0 days 00:02:21.969767,0.7856738824298268,0.23629868334732568,10,0.7303672078479962,600,0.5454277236418578,COMPLETE
140,0.5143981398676445,2025-01-27 18:18:24.323700,2025-01-27 18:20:45.146814,0 days 00:02:20.823114,0.1588701705174711,0.5938708919034406,150,0.3070224898981487,300,0.627961361597115,COMPLETE
141,0.5143981398676445,2025-01-27 18:20:45.147579,2025-01-27 18:23:04.694676,0 days 00:02:19.547097,0.3371724060453698,0.42841682796288305,100,0.3643244427932312,30,0.807770649647356,COMPLETE
142,0.5143981398676445,2025-01-27 18:23:04.695473,2025-01-27 18:25:23.740709,0 days 00:02:19.045236,0.35888054102277156,0.3578814363891133,100,0.22310721455538338,30,0.8257299500534219,COMPLETE
143,0.5143981398676445,2025-01-27 18:25:23.741493,2025-01-27 18:27:45.242738,0 days 00:02:21.501245,0.5208939136954469,0.37007984512071884,100,0.3785613542906561,120,0.24402535817849252,COMPLETE
144,0.5143981398676445,2025-01-27 18:27:45.243510,2025-01-27 18:30:05.618858,0 days 00:02:20.375348,0.7458884468902031,0.39599641264335683,100,0.43543339156508365,30,0.5621628270757776,COMPLETE
145,0.5143981398676445,2025-01-27 18:30:05.619616,2025-01-27 18:32:27.430262,0 days 00:02:21.810646,0.6177655829141779,0.1869131501258047,100,0.35427584364989606,30,0.6873981936376545,COMPLETE
146,0.5143981398676445,2025-01-27 18:32:27.431027,2025-01-27 18:34:47.529936,0 days 00:02:20.098909,0.3049028301959559,0.8223481290415916,100,0.12172227329449403,600,0.7252068153810196,COMPLETE
147,0.5143981398676445,2025-01-27 18:34:47.530704,2025-01-27 18:37:09.254784,0 days 00:02:21.724080,0.3962884391045367,0.16555353426888447,10,0.10012782934975632,120,0.6616532891309673,COMPLETE
148,0.5143981398676445,2025-01-27 18:37:09.255556,2025-01-27 18:39:29.957440,0 days 00:02:20.701884,0.4268742063989815,0.874844021828435,100,0.39090762957680325,60,0.5077038819924529,COMPLETE
149,0.5143981398676445,2025-01-27 18:39:29.958184,2025-01-27 18:41:47.776779,0 days 00:02:17.818595,0.20404925577204513,0.7862016841239999,150,0.32828543451781167,30,0.884356906156559,COMPLETE
150,0.5143981398676445,2025-01-27 18:41:47.777524,2025-01-27 18:44:09.358865,0 days 00:02:21.581341,0.6881464128678763,0.21503706039369144,10,0.30340783700874885,300,0.7482670214189618,COMPLETE
151,0.5143981398676445,2025-01-27 18:44:09.359619,2025-01-27 18:46:30.149066,0 days 00:02:20.789447,0.2829209851911209,0.6600515308949323,100,0.5526671335260067,60,0.28802213139994653,COMPLETE
152,0.5143981398676445,2025-01-27 18:46:30.149830,2025-01-27 18:48:51.541174,0 days 00:02:21.391344,0.2512559846201281,0.38032377549075264,100,0.2473588614147146,60,0.3262706705901773,COMPLETE
153,0.5143981398676445,2025-01-27 18:48:51.541927,2025-01-27 18:51:12.430098,0 days 00:02:20.888171,0.13892333837151521,0.6177282298085511,100,0.6066750473343522,60,0.30180197541878495,COMPLETE
154,0.5143981398676445,2025-01-27 18:51:12.430847,2025-01-27 18:53:33.442192,0 days 00:02:21.011345,0.22216516672352749,0.6447449749266879,100,0.6375302964000551,600,0.27203841342690827,COMPLETE
155,0.5143981398676445,2025-01-27 18:53:33.442946,2025-01-27 18:55:55.473726,0 days 00:02:22.030780,0.16955506150697353,0.30362170310210823,100,0.20203863416572487,60,0.20953060311534738,COMPLETE
156,0.5143981398676445,2025-01-27 18:55:55.474507,2025-01-27 18:58:15.888298,0 days 00:02:20.413791,0.6503859466109532,0.7081204134837109,10,0.6834971744446547,120,0.36262179802737693,COMPLETE
157,0.5143981398676445,2025-01-27 18:58:15.889055,2025-01-27 19:00:33.509859,0 days 00:02:17.620804,0.8614237294132017,0.5795172584520165,100,0.2749066757535446,600,0.8526232524161538,COMPLETE
158,0.5143981398676445,2025-01-27 19:00:33.510638,2025-01-27 19:02:54.353209,0 days 00:02:20.842571,0.1956493392442404,0.7517029773652716,100,0.4115510957770246,300,0.3818949208207473,COMPLETE
159,0.5143981398676445,2025-01-27 19:02:54.354008,2025-01-27 19:05:14.731613,0 days 00:02:20.377605,0.5409953109454677,0.6948207719393921,150,0.48606256886418736,120,0.7012590917368271,COMPLETE
160,0.5143981398676445,2025-01-27 19:05:14.732382,2025-01-27 19:07:35.309746,0 days 00:02:20.577364,0.5718225779992139,0.6699874055797537,10,0.885764506945471,30,0.4653194691165632,COMPLETE
161,0.5143981398676445,2025-01-27 19:07:35.310495,2025-01-27 19:09:55.951986,0 days 00:02:20.641491,0.37825670164459535,0.7147666347200935,150,0.519726974880718,300,0.5185205459397566,COMPLETE
162,0.5143981398676445,2025-01-27 19:09:55.952744,2025-01-27 19:12:15.045699,0 days 00:02:19.092955,0.8840996243610955,0.7265215044720488,150,0.44614537710205965,300,0.48099251745086574,COMPLETE
163,0.5143981398676445,2025-01-27 19:12:15.046443,2025-01-27 19:14:35.249914,0 days 00:02:20.203471,0.353119396592553,0.7687319044793743,150,0.427832347944486,300,0.6073639607478826,COMPLETE
164,0.5143981398676445,2025-01-27 19:14:35.250681,2025-01-27 19:16:58.284039,0 days 00:02:23.033358,0.44967752880881695,0.25565707061665577,150,0.47722396065413186,300,0.4321616332026218,COMPLETE
165,0.5143981398676445,2025-01-27 19:16:58.284819,2025-01-27 19:19:18.552052,0 days 00:02:20.267233,0.32025971581592894,0.6779014999672891,100,0.46255484025584725,600,0.6419807807296083,COMPLETE
166,0.5143981398676445,2025-01-27 19:19:18.552820,2025-01-27 19:21:38.538879,0 days 00:02:19.986059,0.4053171322184887,0.6283427947790758,10,0.2327475204604027,300,0.7757477391093551,COMPLETE
167,0.5143981398676445,2025-01-27 19:21:38.539644,2025-01-27 19:23:59.105893,0 days 00:02:20.566249,0.8302232987175966,0.2776266923211964,150,0.8576105361816715,60,0.31066036183144363,COMPLETE
168,0.5143981398676445,2025-01-27 19:23:59.106650,2025-01-27 19:26:21.800155,0 days 00:02:22.693505,0.10105431464840157,0.11874558836417118,100,0.16573720429346916,120,0.350829145850184,COMPLETE
169,0.5143981398676445,2025-01-27 19:26:21.800944,2025-01-27 19:28:42.683722,0 days 00:02:20.882778,0.1829242144557981,0.4441419240138526,10,0.1475467528909124,600,0.5317308787940311,COMPLETE
170,0.5143981398676445,2025-01-27 19:28:42.684497,2025-01-27 19:31:03.803300,0 days 00:02:21.118803,0.14543025408564914,0.7875361809068695,100,0.5316685936412845,300,0.1304226572013245,COMPLETE
171,0.5143981398676445,2025-01-27 19:31:03.804023,2025-01-27 19:33:24.893896,0 days 00:02:21.089873,0.21643179309447985,0.5403379974553693,100,0.25746105131522334,600,0.2576008541806385,COMPLETE
172,0.5143981398676445,2025-01-27 19:33:24.894672,2025-01-27 19:35:46.331796,0 days 00:02:21.437124,0.16546073633400454,0.556566612279616,100,0.829070891748102,600,0.29356647803141345,COMPLETE
173,0.5143981398676445,2025-01-27 19:35:46.332577,2025-01-27 19:38:07.614756,0 days 00:02:21.282179,0.1251901131174707,0.5108389506560468,100,0.22044940809594643,600,0.23021842696137373,COMPLETE
174,0.5143981398676445,2025-01-27 19:38:07.615522,2025-01-27 19:40:28.264580,0 days 00:02:20.649058,0.7015082555020238,0.40577918779967354,100,0.21196907088615718,600,0.4978653610515903,COMPLETE
175,0.5143981398676445,2025-01-27 19:40:28.265337,2025-01-27 19:42:49.200135,0 days 00:02:20.934798,0.23246897952118284,0.5329061633215287,100,0.24226943137904064,120,0.1664128268494939,COMPLETE
176,0.5143981398676445,2025-01-27 19:42:49.200991,2025-01-27 19:45:09.694705,0 days 00:02:20.493714,0.5843540840661491,0.4714367158551782,10,0.17935559187940206,30,0.2520536240752701,COMPLETE
177,0.5143981398676445,2025-01-27 19:45:09.695473,2025-01-27 19:47:30.533869,0 days 00:02:20.838396,0.27259673198530193,0.738613525776131,150,0.5688385062133469,600,0.19684792096061923,COMPLETE
178,0.5143981398676445,2025-01-27 19:47:30.534627,2025-01-27 19:49:51.638647,0 days 00:02:21.104020,0.39326707121396853,0.4912921733277011,100,0.3196036948114188,300,0.15261205538270373,COMPLETE
179,0.5143981398676445,2025-01-27 19:49:51.639409,2025-01-27 19:52:11.262341,0 days 00:02:19.622932,0.47579770973981333,0.8131987654277898,10,0.19679073984781498,120,0.7331796465817136,COMPLETE
180,0.5143981398676445,2025-01-27 19:52:11.263035,2025-01-27 19:54:33.032888,0 days 00:02:21.769853,0.2477387037799041,0.2290198396537697,100,0.12853124541259958,60,0.2766052960086765,COMPLETE
181,0.5143981398676445,2025-01-27 19:54:33.033647,2025-01-27 19:56:56.715483,0 days 00:02:23.681836,0.19553081030643868,0.15335440620902657,100,0.233980359777941,300,0.3339096193075331,COMPLETE
182,0.5143981398676445,2025-01-27 19:56:56.716242,2025-01-27 19:59:18.889176,0 days 00:02:22.172934,0.8091615335095927,0.13159217315846292,100,0.5055572671813076,300,0.41279157571307007,COMPLETE
183,0.5143981398676445,2025-01-27 19:59:18.889988,2025-01-27 20:01:36.887156,0 days 00:02:17.997168,0.17996864633681842,0.13175553828516717,100,0.18191294050748696,300,0.8742801978136083,COMPLETE
184,0.5143981398676445,2025-01-27 20:01:36.887925,2025-01-27 20:03:55.494987,0 days 00:02:18.607062,0.849165620265824,0.1924947979867696,100,0.3398324270627765,300,0.8344912762426743,COMPLETE
185,0.5143981398676445,2025-01-27 20:03:55.495761,2025-01-27 20:06:19.599853,0 days 00:02:24.104092,0.15827462640420303,0.14541703730576255,100,0.2871660974909528,600,0.4013266998205208,COMPLETE
186,0.5143981398676445,2025-01-27 20:06:19.600651,2025-01-27 20:08:40.211966,0 days 00:02:20.611315,0.2127066178852398,0.6887835957434014,10,0.15882965733600443,300,0.37443557391753823,COMPLETE
187,0.5143981398676445,2025-01-27 20:08:40.212738,2025-01-27 20:11:02.551676,0 days 00:02:22.338938,0.13561028957027477,0.17543651547332997,100,0.2148386829354935,30,0.45035330344442254,COMPLETE
188,0.5143981398676445,2025-01-27 20:11:02.552459,2025-01-27 20:13:23.019554,0 days 00:02:20.467095,0.5602887216100967,0.5736707855500843,150,0.19660953711700752,120,0.31329595061250715,COMPLETE
189,0.5143981398676445,2025-01-27 20:13:23.020350,2025-01-27 20:15:46.790124,0 days 00:02:23.769774,0.17825268775474234,0.11667322068119722,100,0.7093998609615355,600,0.5865995898561228,COMPLETE
190,0.5143981398676445,2025-01-27 20:15:46.790911,2025-01-27 20:18:06.243937,0 days 00:02:19.453026,0.6277284470125826,0.5249014893398732,10,0.13778952764540087,300,0.80084346850259,COMPLETE
191,0.5143981398676445,2025-01-27 20:18:06.244736,2025-01-27 20:20:28.167616,0 days 00:02:21.922880,0.3265392401794286,0.3231084441207589,100,0.2740463666929534,600,0.567383269797198,COMPLETE
192,0.5143981398676445,2025-01-27 20:20:28.168474,2025-01-27 20:22:51.086123,0 days 00:02:22.917649,0.29585704391852885,0.3520503985246012,100,0.3123160455256718,600,0.11928804424349791,COMPLETE
193,0.5143981398676445,2025-01-27 20:22:51.086926,2025-01-27 20:25:14.307001,0 days 00:02:23.220075,0.3128471820983312,0.10015769247045211,100,0.2518087395043339,600,0.618095975826529,COMPLETE
194,0.5143981398676445,2025-01-27 20:25:14.307785,2025-01-27 20:27:35.617309,0 days 00:02:21.309524,0.7193002719931652,0.3318638223866655,100,0.2639280476316405,600,0.10188531907249226,COMPLETE
195,0.5143981398676445,2025-01-27 20:27:35.618105,2025-01-27 20:29:56.470485,0 days 00:02:20.852380,0.23024581780851489,0.8418793337556504,100,0.5963949900880309,60,0.5150354533913329,COMPLETE
196,0.5143981398676445,2025-01-27 20:29:56.471295,2025-01-27 20:32:18.108908,0 days 00:02:21.637613,0.35842892209267724,0.3006875094419687,150,0.38023108262606353,120,0.5756960164404094,COMPLETE
197,0.5143981398676445,2025-01-27 20:32:18.109699,2025-01-27 20:34:40.624968,0 days 00:02:22.515269,0.5012979637579813,0.26921265409613593,100,0.3004937279834372,300,0.5433660746734255,COMPLETE
198,0.5143981398676445,2025-01-27 20:34:40.625758,2025-01-27 20:37:01.266348,0 days 00:02:20.640590,0.34356025898409265,0.6440717796876545,10,0.6617932035032238,600,0.6387397171581397,COMPLETE
199,0.5143981398676445,2025-01-27 20:37:01.267137,2025-01-27 20:39:22.003942,0 days 00:02:20.736805,0.37815988265320166,0.5996776755283577,100,0.8433137032358855,30,0.5931281893272489,COMPLETE
200,0.5143981398676445,2025-01-27 20:39:22.004717,2025-01-27 20:41:43.745715,0 days 00:02:21.740998,0.33108327613805777,0.3619147717308572,100,0.44820795977724714,120,0.4875322331038481,COMPLETE
201,0.5143981398676445,2025-01-27 20:41:43.746513,2025-01-27 20:44:05.099437,0 days 00:02:21.352924,0.42162568901671144,0.42013823552180485,150,0.41013996527701535,60,0.4621421346091011,COMPLETE
202,0.5143981398676445,2025-01-27 20:44:05.100218,2025-01-27 20:46:26.387731,0 days 00:02:21.287513,0.4139771822294963,0.45723892225237495,150,0.36817521064005204,60,0.4187780749095425,COMPLETE
203,0.5143981398676445,2025-01-27 20:46:26.388514,2025-01-27 20:48:47.584630,0 days 00:02:21.196116,0.441349821146048,0.4687819832062811,150,0.6313936939239272,60,0.4414638721532764,COMPLETE
204,0.5143981398676445,2025-01-27 20:48:47.585417,2025-01-27 20:51:08.163232,0 days 00:02:20.577815,0.7689661898610308,0.3878692870882063,150,0.3542061907193759,60,0.3980338842450945,COMPLETE
205,0.5143981398676445,2025-01-27 20:51:08.164019,2025-01-27 20:53:28.749034,0 days 00:02:20.585015,0.3663120848743863,0.5018035206312609,150,0.39690545557140344,300,0.6771387217117772,COMPLETE
206,0.5143981398676445,2025-01-27 20:53:28.749826,2025-01-27 20:55:50.971640,0 days 00:02:22.221814,0.6053029296681289,0.30914814143190666,10,0.33421625912496555,600,0.2861024528622603,COMPLETE
207,0.5143981398676445,2025-01-27 20:55:50.972436,2025-01-27 20:58:13.517751,0 days 00:02:22.545315,0.19606285614318067,0.2869031506524833,100,0.42304700973986425,60,0.4333159321750409,COMPLETE
208,0.5143981398676445,2025-01-27 20:58:13.518561,2025-01-27 21:00:34.818617,0 days 00:02:21.300056,0.1506334345693145,0.44542794223347504,10,0.4769590726914473,120,0.4709888107753342,COMPLETE
209,0.5143981398676445,2025-01-27 21:00:34.819404,2025-01-27 21:02:54.596884,0 days 00:02:19.777480,0.5293382893849785,0.6643576526788619,100,0.2268821108497197,300,0.7578426129072275,COMPLETE
210,0.5143981398676445,2025-01-27 21:02:54.597671,2025-01-27 21:05:15.707825,0 days 00:02:21.110154,0.39096421517837954,0.34107318775832873,150,0.11239990871435496,600,0.5508213342753615,COMPLETE
211,0.5143981398676445,2025-01-27 21:05:15.708606,2025-01-27 21:07:37.368069,0 days 00:02:21.659463,0.6755875802972393,0.19358142499639927,100,0.20932268718560143,120,0.663333715703433,COMPLETE
212,0.5143981398676445,2025-01-27 21:07:37.368858,2025-01-27 21:09:59.109840,0 days 00:02:21.740982,0.6545194028535892,0.24641422842109592,100,0.23519509710061973,120,0.14364904199519116,COMPLETE
213,0.5143981398676445,2025-01-27 21:09:59.110613,2025-01-27 21:12:21.969298,0 days 00:02:22.858685,0.11095970126109349,0.2116134162632603,100,0.19958399817857353,120,0.17890690058092584,COMPLETE
214,0.5143981398676445,2025-01-27 21:12:21.970097,2025-01-27 21:14:43.346054,0 days 00:02:21.375957,0.2887235219908967,0.234064054185942,100,0.17530227735033374,120,0.7152180796482855,COMPLETE
215,0.5143981398676445,2025-01-27 21:14:43.346896,2025-01-27 21:17:03.752839,0 days 00:02:20.405943,0.8865749912298782,0.17016114849371433,100,0.7995337664071146,300,0.20087005686588275,COMPLETE
216,0.5143981398676445,2025-01-27 21:17:03.753632,2025-01-27 21:19:23.802892,0 days 00:02:20.049260,0.746025077736797,0.7027976026699415,100,0.7554157733469645,30,0.22376649721791148,COMPLETE
217,0.5143981398676445,2025-01-27 21:19:23.803672,2025-01-27 21:21:44.389902,0 days 00:02:20.586230,0.5867802986736806,0.48233111868870315,10,0.1875326028201625,120,0.1296873650799545,COMPLETE
218,0.5143981398676445,2025-01-27 21:21:44.390688,2025-01-27 21:24:04.936944,0 days 00:02:20.546256,0.26056575937981635,0.772459117628314,100,0.15815724075372245,600,0.15785425487874466,COMPLETE
219,0.5143981398676445,2025-01-27 21:24:04.937721,2025-01-27 21:26:24.505760,0 days 00:02:19.568039,0.8614545933857019,0.42744681871781537,150,0.3865282055347474,60,0.3632299839827697,COMPLETE
220,0.5143981398676445,2025-01-27 21:26:24.506527,2025-01-27 21:28:42.279050,0 days 00:02:17.772523,0.7039702632958045,0.6573011283069499,100,0.2585338206407671,300,0.8961735378098495,COMPLETE
221,0.5143981398676445,2025-01-27 21:28:42.279816,2025-01-27 21:31:02.087768,0 days 00:02:19.807952,0.6928927697718276,0.8635801913916942,100,0.10207679360677505,120,0.17397607285359798,COMPLETE
222,0.5143981398676445,2025-01-27 21:31:02.088465,2025-01-27 21:33:23.597865,0 days 00:02:21.509400,0.6622944731948379,0.217671335292968,100,0.1281881385265044,120,0.1868643459882864,COMPLETE
223,0.5143981398676445,2025-01-27 21:33:23.598643,2025-01-27 21:35:44.569876,0 days 00:02:20.971233,0.6849715630400329,0.25720559552318434,100,0.11829528467689139,120,0.23854147219797267,COMPLETE
224,0.5143981398676445,2025-01-27 21:35:44.570645,2025-01-27 21:38:07.244662,0 days 00:02:22.674017,0.6369194802668326,0.19049234325664308,100,0.5500558497033384,120,0.26804381871884075,COMPLETE
225,0.5143981398676445,2025-01-27 21:38:07.245485,2025-01-27 21:40:27.751278,0 days 00:02:20.505793,0.7134264742437384,0.3733735995359452,10,0.1466033022812796,600,0.1546072949630683,COMPLETE
226,0.5143981398676445,2025-01-27 21:40:27.752050,2025-01-27 21:42:49.212181,0 days 00:02:21.460131,0.7372201573555537,0.20013424187160625,100,0.21082505242266666,30,0.5280778374083323,COMPLETE
227,0.5143981398676445,2025-01-27 21:42:49.212983,2025-01-27 21:45:12.219502,0 days 00:02:23.006519,0.16762526699741534,0.11140313708816547,100,0.16792055839135772,120,0.3884987398056222,COMPLETE
228,0.5143981398676445,2025-01-27 21:45:12.220285,2025-01-27 21:47:30.138962,0 days 00:02:17.918677,0.20471808664762922,0.23131051805005753,10,0.24293185981960563,300,0.8658788119772519,COMPLETE
229,0.5143981398676445,2025-01-27 21:47:30.139746,2025-01-27 21:49:50.098948,0 days 00:02:19.959202,0.12077960820148849,0.8954944318212659,100,0.2896856964593396,600,0.7898995857881574,COMPLETE
230,0.5143981398676445,2025-01-27 21:49:50.099753,2025-01-27 21:52:09.460300,0 days 00:02:19.360547,0.6754068749649543,0.7988367166291217,150,0.8988036122488557,60,0.8160370179865483,COMPLETE
231,0.5143981398676445,2025-01-27 21:52:09.461077,2025-01-27 21:54:32.122122,0 days 00:02:22.661045,0.4609913679926904,0.20399810793588224,100,0.3167770162313895,30,0.2997662376053317,COMPLETE
232,0.5143981398676445,2025-01-27 21:54:32.122912,2025-01-27 21:56:54.846299,0 days 00:02:22.723387,0.4279690909983688,0.22222420931495412,100,0.3380018956999335,30,0.32926408421508085,COMPLETE
233,0.5143981398676445,2025-01-27 21:56:54.847119,2025-01-27 21:59:17.365058,0 days 00:02:22.517939,0.4941167678574021,0.17452811678920674,100,0.2845545171326041,30,0.34755817887648793,COMPLETE
234,0.5143981398676445,2025-01-27 21:59:17.365841,2025-01-27 22:01:38.230292,0 days 00:02:20.864451,0.5461203236812371,0.5476392099711869,100,0.2639365331153666,30,0.3275734676686802,COMPLETE
235,0.5143981398676445,2025-01-27 22:01:38.231102,2025-01-27 22:03:58.858973,0 days 00:02:20.627871,0.4129716680024236,0.6802603555006592,100,0.2232589431746586,120,0.1403242203766825,COMPLETE
236,0.5143981398676445,2025-01-27 22:03:58.859771,2025-01-27 22:06:20.732793,0 days 00:02:21.873022,0.7847572842916206,0.14448226669002026,10,0.10351782255196106,300,0.2572800136946619,COMPLETE
237,0.5143981398676445,2025-01-27 22:06:20.733618,2025-01-27 22:08:44.634636,0 days 00:02:23.901018,0.4794061109317075,0.21231291466094088,100,0.3625750025901563,600,0.3148299572983081,COMPLETE
238,0.5143981398676445,2025-01-27 22:08:44.635453,2025-01-27 22:11:05.046546,0 days 00:02:20.411093,0.18799347767775945,0.7547003211332598,150,0.2747870934242554,30,0.6140467648311366,COMPLETE
239,0.5143981398676445,2025-01-27 22:11:05.047351,2025-01-27 22:13:26.213135,0 days 00:02:21.165784,0.4470068710965289,0.4069575329431449,100,0.2991624152626848,120,0.49014019381198326,COMPLETE
240,0.5143981398676445,2025-01-27 22:13:26.213937,2025-01-27 22:15:44.838151,0 days 00:02:18.624214,0.3026175351010404,0.621411734054732,100,0.8182259505788056,300,0.8460373814666301,COMPLETE
241,0.5143981398676445,2025-01-27 22:15:44.838956,2025-01-27 22:18:04.770813,0 days 00:02:19.931857,0.8668603698786125,0.3132116098157667,100,0.49530216009586553,600,0.20881247516701615,COMPLETE
242,0.5143981398676445,2025-01-27 22:18:04.771606,2025-01-27 22:20:27.532827,0 days 00:02:22.761221,0.27759482360968696,0.2659039159306047,100,0.5223553430870248,600,0.5122830846413586,COMPLETE
243,0.5143981398676445,2025-01-27 22:20:27.533638,2025-01-27 22:22:51.227099,0 days 00:02:23.693461,0.3862622167852106,0.2488333386234276,100,0.5080954534068083,600,0.2177910957151492,COMPLETE
244,0.5143981398676445,2025-01-27 22:22:51.227946,2025-01-27 22:25:12.882910,0 days 00:02:21.654964,0.7650420805592141,0.28639887566915495,10,0.3278213386283035,600,0.16318321647311232,COMPLETE
245,0.5143981398676445,2025-01-27 22:25:12.883742,2025-01-27 22:27:34.260960,0 days 00:02:21.377218,0.7319290748467926,0.2989515386815562,100,0.5379568803356031,60,0.1962350238336235,COMPLETE
246,0.5143981398676445,2025-01-27 22:27:34.261802,2025-01-27 22:29:54.342276,0 days 00:02:20.080474,0.8024815919644336,0.5661303166194704,100,0.46569261453246746,600,0.286619435602945,COMPLETE
247,0.5143981398676445,2025-01-27 22:29:54.343083,2025-01-27 22:32:14.483453,0 days 00:02:20.140370,0.8347936353664763,0.332206885101282,150,0.24420901526984398,120,0.24258487446513383,COMPLETE
248,0.5143981398676445,2025-01-27 22:32:14.484231,2025-01-27 22:34:37.013847,0 days 00:02:22.529616,0.7563165872926922,0.18640517695598285,100,0.44211509982474945,300,0.6913634184573728,COMPLETE
249,0.5143981398676445,2025-01-27 22:34:37.014649,2025-01-27 22:36:59.700290,0 days 00:02:22.685641,0.246793603028841,0.2731657376499361,10,0.13165629818342167,600,0.18508454970226249,COMPLETE
250,0.5143981398676445,2025-01-27 22:36:59.701098,2025-01-27 22:39:20.470430,0 days 00:02:20.769332,0.5702389502629165,0.5101501399545383,100,0.5748279344742824,30,0.11515385878389874,COMPLETE
251,0.5143981398676445,2025-01-27 22:39:20.471231,2025-01-27 22:41:40.821287,0 days 00:02:20.350056,0.15851004859713633,0.7201970556076378,100,0.6909325495769643,60,0.6477988798512411,COMPLETE
252,0.5143981398676445,2025-01-27 22:41:40.822091,2025-01-27 22:44:02.621811,0 days 00:02:21.799720,0.8172550862235535,0.12965691045486055,150,0.19650198548664363,300,0.6316601723366131,COMPLETE
253,0.5143981398676445,2025-01-27 22:44:02.622603,2025-01-27 22:46:23.304086,0 days 00:02:20.681483,0.1420348842376388,0.6481026833230936,100,0.22047617094419913,120,0.4567890607182513,COMPLETE
254,0.5143981398676445,2025-01-27 22:46:23.304935,2025-01-27 22:48:46.087049,0 days 00:02:22.782114,0.5192668299754141,0.2951449713196842,10,0.8695130278353211,600,0.4224767474977399,COMPLETE
255,0.5143981398676445,2025-01-27 22:48:46.087842,2025-01-27 22:51:07.722342,0 days 00:02:21.634500,0.17580614972077357,0.44118754906787194,100,0.31247640695119855,600,0.4072233148914261,COMPLETE
256,0.5143981398676445,2025-01-27 22:51:07.723141,2025-01-27 22:53:29.681927,0 days 00:02:21.958786,0.6142690135231439,0.3202211376503207,100,0.4294285853015277,300,0.23365834933956037,COMPLETE
257,0.5143981398676445,2025-01-27 22:53:29.682736,2025-01-27 22:55:51.814196,0 days 00:02:22.131460,0.7193666981102863,0.24044768912525516,10,0.61719470862998,120,0.3035056281912201,COMPLETE
258,0.5143981398676445,2025-01-27 22:55:51.815027,2025-01-27 22:58:10.469839,0 days 00:02:18.654812,0.897633441786038,0.6909940310595611,150,0.11636633783539871,30,0.34120338516731696,COMPLETE
259,0.5143981398676445,2025-01-27 22:58:10.470657,2025-01-27 23:00:30.250312,0 days 00:02:19.779655,0.8473301006726734,0.4673823876061456,100,0.7741754432696775,60,0.37673759855887806,COMPLETE
260,0.5143981398676445,2025-01-27 23:00:30.251111,2025-01-27 23:02:51.654283,0 days 00:02:21.403172,0.2096279073930064,0.5844182630833078,100,0.4827914809220703,600,0.27088946418928445,COMPLETE
261,0.5143981398676445,2025-01-27 23:02:51.655076,2025-01-27 23:05:11.952181,0 days 00:02:20.297105,0.4049013209739541,0.7383102294253964,100,0.7364845078864779,300,0.7309948686587561,COMPLETE
262,0.5143981398676445,2025-01-27 23:05:11.952966,2025-01-27 23:07:34.261644,0 days 00:02:22.308678,0.6929853963926421,0.22309476457301433,10,0.4053266177627858,120,0.5006041709761483,COMPLETE
263,0.5143981398676445,2025-01-27 23:07:34.262418,2025-01-27 23:09:57.975559,0 days 00:02:23.713141,0.3451221387511867,0.15636697650964423,100,0.6674948241266457,600,0.5951457105146817,COMPLETE
264,0.5143981398676445,2025-01-27 23:09:57.976385,2025-01-27 23:12:21.338960,0 days 00:02:23.362575,0.3696119338674462,0.10107556686652351,150,0.18035768711775327,300,0.47467395171285126,COMPLETE
265,0.5143981398676445,2025-01-27 23:12:21.339794,2025-01-27 23:14:42.392152,0 days 00:02:21.052358,0.10386425485169021,0.2035921096382271,100,0.1462543973087063,120,0.762734035288184,COMPLETE
266,0.5143981398676445,2025-01-27 23:14:42.392954,2025-01-27 23:17:00.246864,0 days 00:02:17.853910,0.19237980731276558,0.34804718318197675,100,0.24340723554396615,30,0.8806251773151135,COMPLETE
267,0.5143981398676445,2025-01-27 23:17:00.247699,2025-01-27 23:19:21.638006,0 days 00:02:21.390307,0.1255875061188005,0.49120466250655354,10,0.3485269584572896,60,0.21536251400468528,COMPLETE
268,0.5143981398676445,2025-01-27 23:19:21.638817,2025-01-27 23:21:42.258747,0 days 00:02:20.619930,0.644241445546303,0.6756830275944469,100,0.8387756098916835,600,0.1695356417877689,COMPLETE
269,0.5143981398676445,2025-01-27 23:21:42.259555,2025-01-27 23:24:02.414069,0 days 00:02:20.154514,0.31450252139203955,0.6340647698264191,150,0.10034604535431123,120,0.44010959637240016,COMPLETE
270,0.5143981398676445,2025-01-27 23:24:02.414842,2025-01-27 23:26:23.986970,0 days 00:02:21.572128,0.23739697520190828,0.5312123904591901,100,0.2278504109619413,300,0.12847557604462034,COMPLETE
271,0.5143981398676445,2025-01-27 23:26:23.987765,2025-01-27 23:28:41.949317,0 days 00:02:17.961552,0.42945136992606525,0.2833350543607129,10,0.5487519538379193,600,0.8570881845142284,COMPLETE
272,0.5143981398676445,2025-01-27 23:28:41.950136,2025-01-27 23:31:03.076135,0 days 00:02:21.125999,0.5932136060837038,0.39601978479806993,100,0.2667788426986359,30,0.3602745858641898,COMPLETE
273,0.5143981398676445,2025-01-27 23:31:03.077093,2025-01-27 23:33:22.423909,0 days 00:02:19.346816,0.8791588160828699,0.829414123585362,100,0.3021160451751271,60,0.5525892642708644,COMPLETE
274,0.5143981398676445,2025-01-27 23:33:22.424714,2025-01-27 23:35:43.284242,0 days 00:02:20.859528,0.17295098575918272,0.7054776473586819,150,0.377257515518729,120,0.574076283741167,COMPLETE
275,0.5143981398676445,2025-01-27 23:35:43.285029,2025-01-27 23:38:05.949838,0 days 00:02:22.664809,0.6698847569264013,0.1873945205109044,100,0.20438670988583826,300,0.2528667346124484,COMPLETE
276,0.5143981398676445,2025-01-27 23:38:05.950654,2025-01-27 23:40:28.165393,0 days 00:02:22.214739,0.21936401957605173,0.37317072925229816,10,0.16614246929715373,600,0.14427091798921093,COMPLETE
277,0.5143981398676445,2025-01-27 23:40:28.166215,2025-01-27 23:42:49.306928,0 days 00:02:21.140713,0.7890706900421267,0.2586911773325061,100,0.5181961676849396,120,0.7030281623380474,COMPLETE
278,0.5143981398676445,2025-01-27 23:42:49.307713,2025-01-27 23:45:13.233049,0 days 00:02:23.925336,0.15246879765210009,0.23619561039250642,100,0.45430684618205097,300,0.3192926511856646,COMPLETE
279,0.5143981398676445,2025-01-27 23:45:13.233864,2025-01-27 23:47:33.686943,0 days 00:02:20.453079,0.5533916566720283,0.4584567234765002,150,0.18480931244800125,600,0.6719816053300587,COMPLETE
280,0.5143981398676445,2025-01-27 23:47:33.687758,2025-01-27 23:49:54.160159,0 days 00:02:20.472401,0.7044793585952421,0.6092037501669046,100,0.7140622507861762,30,0.5303528843565056,COMPLETE
281,0.5143981398676445,2025-01-27 23:49:54.160978,2025-01-27 23:52:14.894602,0 days 00:02:20.733624,0.26654955899333754,0.8680081520363659,10,0.5853778343062807,60,0.19648694937344863,COMPLETE
282,0.5143981398676445,2025-01-27 23:52:14.895420,2025-01-27 23:54:35.533491,0 days 00:02:20.638071,0.4667129097401667,0.6577665735091791,100,0.2565466002045099,120,0.3893612655333665,COMPLETE
283,0.5143981398676445,2025-01-27 23:54:35.534264,2025-01-27 23:56:53.522596,0 days 00:02:17.988332,0.32977557654507905,0.8130926654344791,100,0.2857288901910095,300,0.8994919461384469,COMPLETE
284,0.5143981398676445,2025-01-27 23:56:53.523480,2025-01-27 23:59:13.874389,0 days 00:02:20.350909,0.3953949653955047,0.7649545858442526,100,0.3250003967861463,600,0.6559304169733078,COMPLETE
285,0.5143981398676445,2025-01-27 23:59:13.875174,2025-01-28 00:01:32.971207,0 days 00:02:19.096033,0.13304401616000755,0.16992419399544914,10,0.12168610412984164,300,0.8354326301083776,COMPLETE
286,0.5143981398676445,2025-01-28 00:01:32.972034,2025-01-28 00:03:54.505628,0 days 00:02:21.533594,0.7353268104855695,0.20721743541467236,150,0.1348013955828399,120,0.28437514597745445,COMPLETE
287,0.5143981398676445,2025-01-28 00:03:54.506415,2025-01-28 00:06:17.497771,0 days 00:02:22.991356,0.5033391460509754,0.3066324096699864,100,0.3925121605564895,600,0.29839659369243426,COMPLETE
288,0.5143981398676445,2025-01-28 00:06:17.498606,2025-01-28 00:08:37.742554,0 days 00:02:20.243948,0.17952158874291435,0.7271418208941413,100,0.20713178028340995,30,0.6016937507245999,COMPLETE
289,0.5143981398676445,2025-01-28 00:08:37.743362,2025-01-28 00:10:58.031402,0 days 00:02:20.288040,0.19898913632399368,0.7915503060097113,10,0.23591039413842857,60,0.7428177622489284,COMPLETE
290,0.5143981398676445,2025-01-28 00:10:58.032209,2025-01-28 00:13:21.960736,0 days 00:02:23.928527,0.5746437468488129,0.13293211332921018,100,0.49528049462767365,300,0.4324643760221177,COMPLETE
291,0.5143981398676445,2025-01-28 00:13:21.961596,2025-01-28 00:15:41.787772,0 days 00:02:19.826176,0.5345251045365632,0.413983084561874,150,0.21673941303755612,120,0.7859645328578848,COMPLETE
292,0.5143981398676445,2025-01-28 00:15:41.788598,2025-01-28 00:18:03.611444,0 days 00:02:21.822846,0.29391579769623905,0.48254530070320834,100,0.41732031127663993,600,0.18469952253933086,COMPLETE
293,0.5143981398676445,2025-01-28 00:18:03.612248,2025-01-28 00:20:25.631801,0 days 00:02:22.019553,0.38020714352563806,0.4327152674210028,100,0.5358572211044601,600,0.15735172119101096,COMPLETE
294,0.5143981398676445,2025-01-28 00:20:25.632603,2025-01-28 00:22:48.744896,0 days 00:02:23.112293,0.4467981025882512,0.22369149007206895,10,0.1899913112915394,300,0.40199422242024396,COMPLETE
295,0.5143981398676445,2025-01-28 00:22:48.745716,2025-01-28 00:25:09.664178,0 days 00:02:20.918462,0.16196825109383164,0.5593608258490887,100,0.3510938939039438,120,0.4847753840755838,COMPLETE
296,0.5143981398676445,2025-01-28 00:25:09.664986,2025-01-28 00:27:29.726283,0 days 00:02:20.061297,0.6878869015294444,0.5218547718345193,150,0.14892824701964055,60,0.5038901091433672,COMPLETE
297,0.5143981398676445,2025-01-28 00:27:29.727084,2025-01-28 00:29:51.725159,0 days 00:02:21.998075,0.656944547686016,0.3370627621529534,100,0.4659479060479192,600,0.22912077464783903,COMPLETE
298,0.5143981398676445,2025-01-28 00:29:51.725940,2025-01-28 00:32:14.098398,0 days 00:02:22.372458,0.36207450911020894,0.2661448732107047,100,0.2727468233908774,30,0.12287163009507579,COMPLETE
299,0.5143981398676445,2025-01-28 00:32:14.099210,2025-01-28 00:34:34.313619,0 days 00:02:20.214409,0.872043609869991,0.28573046301278365,10,0.8571025146475736,300,0.32851383615324214,COMPLETE
